featurecla,scalerank,min_zoom,vertex_index,vertex_part,vertex_part_ring,vertex_part_index,distance,angle,long,lat
Land,"0",0.0,"0","0","0","0",0.00000000000000,138.22849307382626,-90.547,69.498
Land,"0",0.0,"1","0","0","1",1.02259245047667,119.93022606491736,-90.552,68.475
Land,"0",0.0,"2","0","0","2",2.57182142880441,88.95539759759104,-89.215,69.259
Land,"0",0.0,"3","0","0","3",3.92955886334226,160.09083352945214,-88.020,68.615
Land,"0",0.0,"4","0","0","4",4.72879544359032,163.38997971538484,-88.318,67.873
Land,"0",0.0,"5","0","0","5",5.90826809625483,90.09976687195864,-87.350,67.199
Land,"0",0.0,"6","0","0","6",7.17805459573437,47.75661292359144,-86.306,67.922
Land,"0",0.0,"7","0","0","7",8.30804864717770,21.53047374329707,-85.577,68.784
Land,"0",0.0,"8","0","0","8",9.40700541534647,47.96881616649474,-85.522,69.882
Land,"0",0.0,"9","0","0","9",10.83021083014514,94.38503300022762,-84.101,69.805
Land,"0",0.0,"10","0","0","10",12.31578863010153,102.98785458439409,-82.622,69.658
Land,"0",0.0,"11","0","0","11",13.74668626971092,141.68919606177224,-81.280,69.162
Land,"0",0.0,"12","0","0","12",14.24671987442537,203.73117307412713,-81.220,68.666
Land,"0",0.0,"13","0","0","13",15.16212143031864,180.78948498956180,-81.964,68.133
Land,"0",0.0,"14","0","0","14",16.04728053426641,160.92976979182319,-81.259,67.597
Land,"0",0.0,"15","0","0","15",16.55002655314669,222.50169571950121,-81.386,67.111
Land,"0",0.0,"16","0","0","16",18.62913728953449,257.00776056354152,-83.344,66.412
Land,"0",0.0,"17","0","0","17",20.02860615961571,274.94808784427954,-84.735,66.257
Land,"0",0.0,"18","0","0","18",21.10551306130918,248.47037739512720,-85.769,66.558
Land,"0",0.0,"19","0","0","19",21.68942406256829,219.76437892869299,-86.068,66.056
Land,"0",0.0,"20","0","0","20",22.96996771419269,221.26350143775201,-87.031,65.213
Land,"0",0.0,"21","0","0","21",23.49575473736241,226.72574229179665,-87.323,64.776
Land,"0",0.0,"22","0","0","22",24.83841057438691,253.54257714053256,-88.483,64.099
Land,"0",0.0,"23","0","0","23",26.27146855034374,254.59821052542401,-89.914,64.033
Land,"0",0.0,"24","0","0","24",27.16691968762805,213.82703233185231,-90.704,63.610
Land,"0",0.0,"25","0","0","25",27.82022947683896,224.82859763080123,-90.770,62.960
Land,"0",0.0,"26","0","0","26",28.99034270948897,250.16963435528913,-91.933,62.835
Land,"0",0.0,"27","0","0","27",30.45793166191432,230.20406636665524,-93.157,62.025
Land,"0",0.0,"28","0","0","28",32.02131709076124,215.05692219040128,-94.242,60.899
Land,"0",0.0,"29","0","0","29",32.89990432755018,194.45623898031161,-94.629,60.110
Land,"0",0.0,"30","0","0","30",34.06259411125717,139.59962969053780,-94.685,58.949
Land,"0",0.0,"31","0","0","31",35.54151393939110,125.39358701913029,-93.215,58.782
Land,"0",0.0,"32","0","0","32",36.58062087392768,151.33102094580795,-92.765,57.846
Land,"0",0.0,"33","0","0","33",37.47175706814966,115.15599719154920,-92.297,57.087
Land,"0",0.0,"34","0","0","34",38.88493661158214,92.53957174587327,-90.898,57.285
Land,"0",0.0,"35","0","0","35",40.79294387091388,106.96554945031507,-89.039,56.852
Land,"0",0.0,"36","0","0","36",41.86242666765772,117.12760816581083,-88.040,56.472
Land,"0",0.0,"37","0","0","37",42.71997870389151,112.91507191173486,-87.324,55.999
Land,"0",0.0,"38","0","0","38",44.00283681368729,107.03449882018764,-86.071,55.724
Land,"0",0.0,"39","0","0","39",45.14294341471876,101.84295985903204,-85.012,55.303
Land,"0",0.0,"40","0","0","40",46.79526084264706,93.53896018695184,-83.360,55.245
Land,"0",0.0,"41","0","0","41",47.88718494642454,142.87873898494834,-82.273,55.148
Land,"0",0.0,"42","0","0","42",48.76849128462492,176.74054903988520,-82.436,54.282
Land,"0",0.0,"43","0","0","43",49.82075536659872,154.94372963788913,-82.125,53.277
Land,"0",0.0,"44","0","0","44",51.15388286579088,134.81684269825325,-81.401,52.158
Land,"0",0.0,"45","0","0","45",52.91878847262350,94.81645372415574,-79.913,51.208
Land,"0",0.0,"46","0","0","46",53.75461932586946,47.42243478104504,-79.143,51.534
Land,"0",0.0,"47","0","0","47",54.91649521313250,4.72851548914236,-78.602,52.562
Land,"0",0.0,"48","0","0","48",56.58001551020130,324.21322799519157,-79.124,54.141
Land,"0",0.0,"49","0","0","49",57.46007205633040,10.20206546289811,-79.830,54.668
Land,"0",0.0,"50","0","0","50",59.12817844354998,65.96748024251202,-78.229,55.136
Land,"0",0.0,"51","0","0","51",60.46062975441282,48.37657488957942,-77.096,55.838
Land,"0",0.0,"52","0","0","52",61.35093051304802,15.76339790971944,-76.541,56.534
Land,"0",0.0,"53","0","0","53",62.02430437562470,337.19410605021915,-76.623,57.203
Land,"0",0.0,"54","0","0","54",63.11181104728234,311.56948472497822,-77.302,58.052
Land,"0",0.0,"55","0","0","55",64.54076190205606,355.08752083031249,-78.517,58.805
Land,"0",0.0,"56","0","0","56",66.11915843273678,11.33700547805280,-77.337,59.853
Land,"0",0.0,"57","0","0","57",67.12386020690037,341.10196964473954,-77.773,60.758
Land,"0",0.0,"58","0","0","58",68.72102511199417,29.79341007299299,-78.107,62.320
Land,"0",0.0,"59","0","0","59",69.45450317634202,85.33803294973360,-77.411,62.550
Land,"0",0.0,"60","0","0","60",71.19029803719997,97.21378101939244,-75.696,62.279
Land,"0",0.0,"61","0","0","61",72.22291812240840,83.90455386301434,-74.668,62.181
Land,"0",0.0,"62","0","0","62",73.09192174397364,91.19275225268483,-73.840,62.444
Land,"0",0.0,"63","0","0","63",74.08302669299380,112.59986127969202,-72.909,62.105
Land,"0",0.0,"64","0","0","64",75.44418228915590,128.60726232732875,-71.677,61.525
Land,"0",0.0,"65","0","0","65",75.93684331800594,117.21523773792639,-71.374,61.137
Land,"0",0.0,"66","0","0","66",77.72176860945672,137.23240784862659,-69.590,61.062
Land,"0",0.0,"67","0","0","67",78.56251067493179,173.65268331287024,-69.620,60.221
Land,"0",0.0,"68","0","0","68",79.86952266980344,132.48522698531477,-69.288,58.957
Land,"0",0.0,"69","0","0","69",80.79617164247868,114.40221399527432,-68.375,58.801
Land,"0",0.0,"70","0","0","70",81.73005815252328,99.06173884960567,-67.650,58.212
Land,"0",0.0,"71","0","0","71",83.28083811494233,54.97265157705594,-66.202,58.767
Land,"0",0.0,"72","0","0","72",84.74121589214128,47.91338495798458,-65.245,59.871
Land,"0",0.0,"73","0","0","73",85.54992872978696,96.90591113261736,-64.583,60.336
Land,"0",0.0,"74","0","0","74",86.73483438784632,136.65674295795253,-63.805,59.443
Land,"0",0.0,"75","0","0","75",88.55776943876339,135.86646162433908,-62.502,58.167
Land,"0",0.0,"76","0","0","76",90.18933618048236,174.97789938191337,-61.396,56.968
Land,"0",0.0,"77","0","0","77",90.93507950519322,162.80304738289087,-61.799,56.339
Land,"0",0.0,"78","0","0","78",92.37978160721610,117.70992956378724,-60.469,55.776
Land,"0",0.0,"79","0","0","79",93.44494743604190,110.82747860645377,-59.570,55.204
Land,"0",0.0,"80","0","0","80",95.06026512451081,107.81785035130255,-57.975,54.945
Land,"0",0.0,"81","0","0","81",95.77705375940546,135.66473397444526,-57.333,54.627
Land,"0",0.0,"82","0","0","82",96.71150434173624,127.28979657550208,-56.937,53.780
Land,"0",0.0,"83","0","0","83",97.50154597172610,116.42546137238196,-56.158,53.648
Land,"0",0.0,"84","0","0","84",98.05252550294774,154.73049519681823,-55.756,53.271
Land,"0",0.0,"85","0","0","85",99.17867319438631,209.44882417570241,-55.683,52.147
Land,"0",0.0,"86","0","0","86",99.99618293939962,243.27612684841640,-56.409,51.771
Land,"0",0.0,"87","0","0","87",100.79513309274748,250.88360319760685,-57.127,51.420
Land,"0",0.0,"88","0","0","88",102.48091187698890,247.34743381239460,-58.775,51.064
Land,"0",0.0,"89","0","0","89",103.98355516101022,250.68890965821697,-60.033,50.243
Land,"0",0.0,"90","0","0","90",105.68182998261371,270.06732387374223,-61.724,50.081
Land,"0",0.0,"91","0","0","91",107.83108613060412,272.94873616927822,-63.862,50.291
Land,"0",0.0,"92","0","0","92",109.33189686870865,268.22080346192581,-65.363,50.298
Land,"0",0.0,"93","0","0","93",110.36992478745586,247.78887103224832,-66.399,50.229
Land,"0",0.0,"94","0","0","94",111.47256416449700,240.12423427658953,-67.236,49.511
Land,"0",0.0,"95","0","0","95",112.82212249556366,239.14931091700475,-68.511,49.068
Land,"0",0.0,"96","0","0","96",114.77986597450889,229.36351458232431,-69.954,47.745
Land,"0",0.0,"97","0","0","97",116.25524410240874,155.15631002466063,-71.104,46.822
Land,"0",0.0,"98","0","0","98",117.12030731145904,64.87112214610492,-70.255,46.986
Land,"0",0.0,"99","0","0","99",119.19472629286902,59.51806956131244,-68.650,48.300
Land,"0",0.0,"100","0","0","100",121.45167283654732,77.26247357232678,-66.552,49.133
Land,"0",0.0,"101","0","0","101",122.95121287272900,102.58584664648365,-65.056,49.233
Land,"0",0.0,"102","0","0","102",123.96317913905638,176.78611134378158,-64.171,48.742
Land,"0",0.0,"103","0","0","103",125.12206090926529,199.09883355250307,-65.115,48.071
Land,"0",0.0,"104","0","0","104",126.24551825360680,160.11026136053903,-64.799,46.993
Land,"0",0.0,"105","0","0","105",127.06767080945799,133.82066290360623,-64.472,46.239
Land,"0",0.0,"106","0","0","106",128.45921868273916,98.01249621115547,-63.173,45.739
Land,"0",0.0,"107","0","0","107",130.11814132303118,63.36196012641776,-61.521,45.884
Land,"0",0.0,"108","0","0","108",131.62427046969137,108.12829516563787,-60.518,47.008
Land,"0",0.0,"109","0","0","109",132.35275384291091,146.90624485566599,-60.449,46.283
Land,"0",0.0,"110","0","0","110",133.09322320723069,180.69076862101772,-59.803,45.920
Land,"0",0.0,"111","0","0","111",134.49300572816745,248.52779484435317,-61.040,45.265
Land,"0",0.0,"112","0","0","112",136.78644549778645,251.38116522946319,-63.255,44.670
Land,"0",0.0,"113","0","0","113",137.85774450731549,242.49914062539227,-64.247,44.266
Land,"0",0.0,"114","0","0","114",139.18721782467935,256.36083856053631,-65.364,43.545
Land,"0",0.0,"115","0","0","115",139.95009792490976,316.46712219974944,-66.123,43.619
Land,"0",0.0,"116","0","0","116",140.79733716723570,30.97036923331009,-66.162,44.465
Land,"0",0.0,"117","0","0","117",142.72045548818141,346.67714192994640,-64.425,45.292
Land,"0",0.0,"118","0","0","118",144.32131720174317,266.28610416436931,-66.026,45.259
Land,"0",0.0,"119","0","0","119",145.43935683155641,207.97714012698859,-67.137,45.138
Land,"0",0.0,"120","0","0","120",145.80992720745078,198.90409857680237,-66.965,44.810
Land,"0",0.0,"121","0","0","121",146.98251742295307,248.51541206173260,-68.032,44.325
Land,"0",0.0,"122","0","0","122",148.06648454747992,252.88563729941117,-69.060,43.980
Land,"0",0.0,"123","0","0","123",149.16327850859241,237.80531842256300,-70.116,43.684
Land,"0",0.0,"124","0","0","124",150.03338306168902,219.21138323444816,-70.690,43.030
Land,"0",0.0,"125","0","0","125",150.24014829957687,199.12438637678443,-70.815,42.865
Land,"0",0.0,"126","0","0","126",150.77045749777974,164.59187735817309,-70.825,42.335
Land,"0",0.0,"127","0","0","127",151.39477924016745,120.76997485551814,-70.495,41.805
Land,"0",0.0,"128","0","0","128",151.81051110625100,38.70217359297149,-70.080,41.780
Land,"0",0.0,"129","0","0","129",152.19029890227404,55.23277553945280,-70.185,42.145
Land,"0",0.0,"130","0","0","130",152.56369485348020,161.08717191519207,-69.885,41.923
Land,"0",0.0,"131","0","0","131",152.86054451728788,226.08363143901957,-69.965,41.637
Land,"0",0.0,"132","0","0","132",153.55469753178593,264.40960679265652,-70.640,41.475
Land,"0",0.0,"133","0","0","133",154.03537519571358,264.52456937208973,-71.120,41.495
Land,"0",0.0,"134","0","0","134",154.79533669340822,260.08582262079489,-71.860,41.320
Land,"0",0.0,"135","0","0","135",155.23320398058453,264.29122322709571,-72.295,41.270
Land,"0",0.0,"136","0","0","136",155.81671781320529,257.99388043089266,-72.876,41.221
Land,"0",0.0,"137","0","0","137",156.69921101298482,166.76607016540632,-73.710,40.931
Land,"0",0.0,"138","0","0","138",158.18005748306237,102.64246798530750,-72.241,41.120
Land,"0",0.0,"139","0","0","139",158.53163385345186,190.24984066579617,-71.945,40.930
Land,"0",0.0,"140","0","0","140",159.96331791355973,263.86188013814564,-73.345,40.630
Land,"0",0.0,"141","0","0","141",160.60040605839833,321.72578496222690,-73.982,40.628
Land,"0",0.0,"142","0","0","142",160.72651764500620,300.65922757281180,-73.952,40.751
Land,"0",0.0,"143","0","0","143",161.13822601502613,163.26906411348753,-74.257,40.474
Land,"0",0.0,"144","0","0","144",161.43608561329640,147.79367503907653,-73.962,40.428
Land,"0",0.0,"145","0","0","145",162.18624076055718,210.06079551543303,-74.178,39.709
Land,"0",0.0,"146","0","0","146",163.24546503054029,283.61916063394085,-74.906,38.940
Land,"0",0.0,"147","0","0","147",163.51297774776339,313.58692314063154,-74.980,39.196
Land,"0",0.0,"148","0","0","148",163.73865525244159,295.31561850751501,-75.200,39.248
Land,"0",0.0,"149","0","0","149",164.15111854175228,233.08967907289221,-75.528,39.498
Land,"0",0.0,"150","0","0","150",164.72831663272731,142.97742374087085,-75.320,38.960
Land,"0",0.0,"151","0","0","151",165.02479088176972,151.51068058112423,-75.083,38.781
Land,"0",0.0,"152","0","0","152",165.40293862917349,197.73298755740473,-75.057,38.404
Land,"0",0.0,"153","0","0","153",165.90677711568742,217.35180316241133,-75.377,38.016
Land,"0",0.0,"154","0","0","154",166.88375513283336,254.39685699227496,-75.940,37.217
Land,"0",0.0,"155","0","0","155",166.98307913742960,339.02988343688389,-76.031,37.257
Land,"0",0.0,"156","0","0","156",167.73040462954148,345.62284211576281,-75.722,37.937
Land,"0",0.0,"157","0","0","157",168.36836890326404,329.38824793166549,-76.233,38.319
Land,"0",0.0,"158","0","0","158",169.20740351217773,277.99913764475173,-76.350,39.150
Land,"0",0.0,"159","0","0","159",169.68079408844648,182.71589247037579,-76.543,38.718
Land,"0",0.0,"160","0","0","160",170.35013647105075,222.37377850729840,-76.329,38.083
Land,"0",0.0,"161","0","0","161",170.99837165999736,199.44817080612057,-76.960,38.233
Land,"0",0.0,"162","0","0","162",171.72821000914678,146.48775902208814,-76.302,37.918
Land,"0",0.0,"163","0","0","163",172.68077324863626,140.49201852439901,-76.259,36.966
Land,"0",0.0,"164","0","0","164",172.97592955224198,133.42864287656943,-75.972,36.897
Land,"0",0.0,"165","0","0","165",173.33711962584343,167.65106837336685,-75.868,36.551
Land,"0",0.0,"166","0","0","166",174.34754634209003,196.29092269635453,-75.727,35.551
Land,"0",0.0,"167","0","0","167",175.32475963575479,237.29377203843936,-76.363,34.808
Land,"0",0.0,"168","0","0","168",176.40086558751304,241.13235843567145,-77.398,34.512
Land,"0",0.0,"169","0","0","169",177.28185195063679,245.46662159301181,-78.055,33.925
Land,"0",0.0,"170","0","0","170",177.78540526929456,248.36245621579425,-78.554,33.861
Land,"0",0.0,"171","0","0","171",178.41086320494890,218.55381005366220,-79.061,33.494
Land,"0",0.0,"172","0","0","172",178.77558738523470,221.23181001822823,-79.203,33.159
Land,"0",0.0,"173","0","0","173",180.05097676739044,234.61258797576801,-80.301,32.509
Land,"0",0.0,"174","0","0","174",180.78875144758359,224.15536481316991,-80.865,32.033
Land,"0",0.0,"175","0","0","175",181.54610810409295,205.36277121491275,-81.336,31.440
Land,"0",0.0,"176","0","0","176",182.27302104616280,178.98365920677554,-81.490,30.730
Land,"0",0.0,"177","0","0","177",182.98972407814463,162.20682970563146,-81.314,30.036
Land,"0",0.0,"178","0","0","178",183.90793151802671,153.28561463367339,-80.980,29.180
Land,"0",0.0,"179","0","0","179",184.74385240654857,163.57402267888102,-80.536,28.472
Land,"0",0.0,"180","0","0","180",185.17589494545612,168.52885506237638,-80.530,28.040
Land,"0",0.0,"181","0","0","181",186.42879163672819,170.23394782479519,-80.057,26.880
Land,"0",0.0,"182","0","0","182",187.10396505116455,184.52564620286088,-80.088,26.206
Land,"0",0.0,"183","0","0","183",187.49518013967315,194.30221117870212,-80.131,25.817
Land,"0",0.0,"184","0","0","184",188.15478851626364,224.67039987673459,-80.381,25.206
Land,"0",0.0,"185","0","0","185",188.47934880626192,265.47559180875709,-80.680,25.080
Land,"0",0.0,"186","0","0","186",188.98618382132472,312.02278238107760,-81.172,25.201
Land,"0",0.0,"187","0","0","187",189.45251114865661,320.69884502034711,-81.330,25.640
Land,"0",0.0,"188","0","0","188",189.89672146425144,314.77283294080223,-81.710,25.870
Land,"0",0.0,"189","0","0","189",190.90689034287081,328.52953953967420,-82.240,26.730
Land,"0",0.0,"190","0","0","190",191.80218591324407,333.84814418806008,-82.705,27.495
Land,"0",0.0,"191","0","0","191",192.22120816174601,358.08796635088009,-82.855,27.886
Land,"0",0.0,"192","0","0","192",192.91603690825619,355.10208341941353,-82.650,28.550
Land,"0",0.0,"193","0","0","193",193.53318259606789,325.02098737128034,-82.930,29.100
Land,"0",0.0,"194","0","0","194",194.67672699263457,304.23502363695854,-83.710,29.937
Land,"0",0.0,"195","0","0","195",195.09615881447831,268.61550044525302,-84.100,30.090
Land,"0",0.0,"196","0","0","196",196.20237293486375,265.66668746306175,-85.109,29.636
Land,"0",0.0,"197","0","0","197",196.38812929917921,299.71595265551440,-85.288,29.686
Land,"0",0.0,"198","0","0","198",197.06131283284944,302.70513356889091,-85.773,30.153
Land,"0",0.0,"199","0","0","199",197.73536133944137,277.59456964542210,-86.400,30.400
Land,"0",0.0,"200","0","0","200",198.87256880310011,270.37500081591179,-87.530,30.274
Land,"0",0.0,"201","0","0","201",199.76692268124387,270.96902670191946,-88.418,30.385
Land,"0",0.0,"202","0","0","202",200.53271360502848,258.30971613038429,-89.180,30.316
Land,"0",0.0,"203","0","0","203",200.97957355539424,198.81799135094093,-89.605,30.176
Land,"0",0.0,"204","0","0","204",201.32032977714013,164.08199620532875,-89.414,29.894
Land,"0",0.0,"205","0","0","205",201.72623565757459,157.61894396677212,-89.430,29.489
Land,"0",0.0,"206","0","0","206",202.01636166159091,184.18347926095353,-89.218,29.291
Land,"0",0.0,"207","0","0","207",202.24784696057480,263.54659109058895,-89.408,29.160
Land,"0",0.0,"208","0","0","208",202.64714296919499,267.42818359967663,-89.779,29.307
Land,"0",0.0,"209","0","0","209",203.06763776687345,257.82725623357197,-90.155,29.117
Land,"0",0.0,"210","0","0","210",203.79389371640207,288.87748986213427,-90.880,29.149
Land,"0",0.0,"211","0","0","211",204.70852202864771,283.57560726181305,-91.627,29.677
Land,"0",0.0,"212","0","0","212",205.58978149651989,274.75939451046241,-92.499,29.552
Land,"0",0.0,"213","0","0","213",206.35305166898033,275.61147527002532,-93.226,29.784
Land,"0",0.0,"214","0","0","214",206.97900872623063,259.02512339004949,-93.848,29.714
Land,"0",0.0,"215","0","0","215",207.85243535410521,242.66338211765017,-94.690,29.480
Land,"0",0.0,"216","0","0","216",209.02643354293704,238.69010601738887,-95.600,28.739
Land,"0",0.0,"217","0","0","217",210.10967463224492,237.68846036409059,-96.594,28.307
Land,"0",0.0,"218","0","0","218",210.83497827857599,217.95378350706969,-97.140,27.830
Land,"0",0.0,"219","0","0","219",211.34029706219499,193.95187564038403,-97.370,27.380
Land,"0",0.0,"220","0","0","220",212.03037210489276,177.44310602838021,-97.380,26.690
Land,"0",0.0,"221","0","0","221",212.51300926147985,162.46104044275054,-97.330,26.210
Land,"0",0.0,"222","0","0","222",212.90291118394865,142.93349605900258,-97.140,25.870
Land,"0",0.0,"223","0","0","223",212.90515541933817,186.30007991461517,-97.139,25.868
Land,"0",0.0,"224","0","0","224",212.90891441203587,220.72501732109967,-97.142,25.866
Land,"0",0.0,"225","0","0","225",213.86427370865553,198.74955715344359,-97.528,24.992
Land,"0",0.0,"226","0","0","226",214.60504272321677,188.38677341006513,-97.703,24.272
Land,"0",0.0,"227","0","0","227",215.94663642660643,187.14341489644187,-97.776,22.933
Land,"0",0.0,"228","0","0","228",216.44445752881225,176.76559208961879,-97.872,22.444
Land,"0",0.0,"229","0","0","229",217.01694322473688,154.96126781471540,-97.699,21.899
Land,"0",0.0,"230","0","0","230",217.59475103456927,156.55706539803236,-97.389,21.411
Land,"0",0.0,"231","0","0","231",218.39562400185179,151.92216101831511,-97.189,20.635
Land,"0",0.0,"232","0","0","232",219.39309836248421,148.01584981712264,-96.526,19.891
Land,"0",0.0,"233","0","0","233",220.00943465837716,149.63857347219491,-96.292,19.320
Land,"0",0.0,"234","0","0","234",220.63831772655587,122.78210308161842,-95.901,18.828
Land,"0",0.0,"235","0","0","235",221.73288112117092,119.69394983257907,-94.839,18.563
Land,"0",0.0,"236","0","0","236",222.32096828428837,103.83632140867424,-94.426,18.144
Land,"0",0.0,"237","0","0","237",223.24159050518145,77.38658231080719,-93.549,18.424
Land,"0",0.0,"238","0","0","238",224.01076443163197,79.47528793477360,-92.786,18.525
Land,"0",0.0,"239","0","0","239",224.78083060866132,75.63214931723988,-92.037,18.705
Land,"0",0.0,"240","0","0","240",225.43314256112825,66.04502790020376,-91.408,18.876
Land,"0",0.0,"241","0","0","241",226.18886356182963,39.77017212496401,-90.772,19.284
Land,"0",0.0,"242","0","0","242",226.81902481525856,13.89758345119888,-90.534,19.867
Land,"0",0.0,"243","0","0","243",227.66304747128464,18.08517729333188,-90.451,20.708
Land,"0",0.0,"244","0","0","244",228.00268123844515,49.72843746308064,-90.279,21.000
Land,"0",0.0,"245","0","0","245",228.72883932181895,73.24482778278596,-89.601,21.262
Land,"0",0.0,"246","0","0","246",229.81142342741197,84.93781250310747,-88.544,21.494
Land,"0",0.0,"247","0","0","247",230.69760463790871,87.15480131365126,-87.658,21.459
Land,"0",0.0,"248","0","0","248",231.30998215015873,106.76769252690718,-87.052,21.544
Land,"0",0.0,"249","0","0","249",231.63013220520924,157.74969195652639,-86.812,21.331
Land,"0",0.0,"250","0","0","250",232.11288952181147,203.07016062110475,-86.846,20.850
Land,"0",0.0,"251","0","0","251",232.91423288415999,211.71763949381179,-87.383,20.255
Land,"0",0.0,"252","0","0","252",233.56797531135857,167.33963898911088,-87.621,19.646
Land,"0",0.0,"253","0","0","253",233.82141869544907,166.23373072024651,-87.437,19.472
Land,"0",0.0,"254","0","0","254",234.27899992536891,198.46118841190139,-87.586,19.040
Land,"0",0.0,"255","0","0","255",235.09851084058025,256.60312277350204,-87.837,18.260
Land,"0",0.0,"256","0","0","256",235.45928006680612,290.42896303127372,-88.091,18.517
Land,"0",0.0,"257","0","0","257",235.66934871969499,222.01935299390161,-88.300,18.500
Land,"0",0.0,"258","0","0","258",235.81624496074721,134.97758030683815,-88.296,18.353
Land,"0",0.0,"259","0","0","259",236.00581439830941,137.43838063488877,-88.107,18.349
Land,"0",0.0,"260","0","0","260",236.27829327386695,192.00727423026152,-88.123,18.077
Land,"0",0.0,"261","0","0","261",236.74002868446655,175.53470685818664,-88.285,17.644
Land,"0",0.0,"262","0","0","262",236.91778586234781,173.43221346976361,-88.198,17.490
Land,"0",0.0,"263","0","0","263",237.29058877659071,171.44863992367252,-88.303,17.132
Land,"0",0.0,"264","0","0","264",237.40517641040864,169.75129362523583,-88.240,17.036
Land,"0",0.0,"265","0","0","265",237.92349006940617,204.71366139622671,-88.355,16.531
Land,"0",0.0,"266","0","0","266",238.25364811279627,238.25982098887852,-88.552,16.266
Land,"0",0.0,"267","0","0","267",238.43702927325077,234.89525823732913,-88.732,16.234
Land,"0",0.0,"268","0","0","268",238.83609201457435,164.39819174935039,-88.931,15.887
Land,"0",0.0,"269","0","0","269",239.20888468620677,74.54613159077080,-88.605,15.706
Land,"0",0.0,"270","0","0","270",239.38111590456441,71.80764882249680,-88.518,15.856
Land,"0",0.0,"271","0","0","271",239.70108494419071,112.06059628377170,-88.225,15.728
Land,"0",0.0,"272","0","0","272",239.81204687503947,80.93197938584606,-88.121,15.689
Land,"0",0.0,"273","0","0","273",240.09310067420932,69.20224211747144,-87.902,15.865
Land,"0",0.0,"274","0","0","274",240.37965678076569,109.23621568241300,-87.616,15.879
Land,"0",0.0,"275","0","0","275",240.50316711637319,101.81229567298936,-87.523,15.797
Land,"0",0.0,"276","0","0","276",240.66611861604281,86.63095431791022,-87.368,15.847
Land,"0",0.0,"277","0","0","277",241.13927527228461,93.87460582333873,-86.903,15.757
Land,"0",0.0,"278","0","0","278",241.60229650004985,78.89342319538950,-86.441,15.783
Land,"0",0.0,"279","0","0","279",241.94249172747797,58.67761458163066,-86.119,15.893
Land,"0",0.0,"280","0","0","280",242.10468120282135,72.78222738190142,-86.002,16.005
Land,"0",0.0,"281","0","0","281",242.42747121682589,102.54917412118301,-85.683,15.954
Land,"0",0.0,"282","0","0","282",242.67626145217037,95.35048460017038,-85.444,15.886
Land,"0",0.0,"283","0","0","283",242.93892236632820,75.64299404103680,-85.182,15.909
Land,"0",0.0,"284","0","0","284",243.15564948300516,86.66393501160049,-84.984,15.996
Land,"0",0.0,"285","0","0","285",243.63294569270460,102.42449750473229,-84.527,15.857
Land,"0",0.0,"286","0","0","286",243.79324517403833,109.71405831591979,-84.368,15.835
Land,"0",0.0,"287","0","0","287",244.15108821550820,124.63513739687031,-84.063,15.648
Land,"0",0.0,"288","0","0","288",244.51688439278547,120.32850807948950,-83.774,15.424
Land,"0",0.0,"289","0","0","289",244.91142816782400,124.55112491584126,-83.410,15.271
Land,"0",0.0,"290","0","0","290",245.29204669569509,179.05303648950110,-83.147,14.996
Land,"0",0.0,"291","0","0","291",245.42093944905204,207.35695423036043,-83.233,14.900
Land,"0",0.0,"292","0","0","292",245.64988942263363,178.64027407147998,-83.284,14.677
Land,"0",0.0,"293","0","0","293",246.02981844017347,189.24309657394585,-83.182,14.311
Land,"0",0.0,"294","0","0","294",246.44102799703847,204.49889669329599,-83.412,13.970
Land,"0",0.0,"295","0","0","295",246.85749271247377,189.56860077498823,-83.520,13.568
Land,"0",0.0,"296","0","0","296",247.29929585857573,176.21793413409404,-83.552,13.127
Land,"0",0.0,"297","0","0","297",247.56258407030603,172.51598172795386,-83.498,12.869
Land,"0",0.0,"298","0","0","298",248.01348113735511,207.03444601890911,-83.473,12.419
Land,"0",0.0,"299","0","0","299",248.19509421651136,214.79775489173343,-83.626,12.321
Land,"0",0.0,"300","0","0","300",248.63298947646311,178.86999034420734,-83.720,11.893
Land,"0",0.0,"301","0","0","301",248.90582517241953,192.02760088890241,-83.651,11.629
Land,"0",0.0,"302","0","0","302",249.23333826255731,194.43921494639227,-83.855,11.373
Land,"0",0.0,"303","0","0","303",249.50751435989224,153.59669481984542,-83.809,11.103
Land,"0",0.0,"304","0","0","304",249.73215561023099,145.98394284046563,-83.656,10.939
Land,"0",0.0,"305","0","0","305",250.33168711126845,145.57796330073467,-83.402,10.396
Land,"0",0.0,"306","0","0","306",250.88970736525749,134.21130105131903,-83.016,9.993
Land,"0",0.0,"307","0","0","307",251.52420564986053,133.62278683789052,-82.546,9.566
Land,"0",0.0,"308","0","0","308",252.03183449766561,160.25073936918167,-82.187,9.208
Land,"0",0.0,"309","0","0","309",252.24461705881271,140.98594381873292,-82.208,8.996
Land,"0",0.0,"310","0","0","310",252.64613846132471,72.84391409046754,-81.809,8.951
Land,"0",0.0,"311","0","0","311",252.77086332149997,90.52317930069221,-81.714,9.032
Land,"0",0.0,"312","0","0","312",253.13962248656003,106.72438383591316,-81.439,8.786
Land,"0",0.0,"313","0","0","313",253.63677610836447,70.47599622030438,-80.947,8.859
Land,"0",0.0,"314","0","0","314",254.13151469100583,65.46942240394392,-80.522,9.111
Land,"0",0.0,"315","0","0","315",254.77140160163867,60.20759163729510,-79.915,9.313
Land,"0",0.0,"316","0","0","316",255.22516285176255,72.42793112089726,-79.573,9.612
Land,"0",0.0,"317","0","0","317",255.78040663245324,148.41959004858509,-79.021,9.553
Land,"0",0.0,"318","0","0","318",255.88543288532952,147.13861009461843,-79.058,9.455
Land,"0",0.0,"319","0","0","319",256.44397852605721,102.36758391641834,-78.501,9.420
Land,"0",0.0,"320","0","0","320",256.92135477698309,121.94002691295788,-78.056,9.248
Land,"0",0.0,"321","0","0","321",257.36522049497449,129.48305239295982,-77.729,8.947
Land,"0",0.0,"322","0","0","322",257.83207655388424,109.91428175837288,-77.353,8.670
Land,"0",0.0,"323","0","0","323",258.34971681153496,70.29019160321693,-76.837,8.639
Land,"0",0.0,"324","0","0","324",259.37465583860399,61.28468214953564,-76.086,9.337
Land,"0",0.0,"325","0","0","325",259.79986142385280,38.61676791181685,-75.675,9.443
Land,"0",0.0,"326","0","0","326",260.13082153498647,7.01231825652652,-75.665,9.774
Land,"0",0.0,"327","0","0","327",260.99565049481009,31.66158288740754,-75.480,10.619
Land,"0",0.0,"328","0","0","328",261.73336944058190,69.64799531469568,-74.907,11.083
Land,"0",0.0,"329","0","0","329",262.36390424957096,54.57513526701482,-74.277,11.102
Land,"0",0.0,"330","0","0","330",262.58691738967400,58.47848395934034,-74.197,11.310
Land,"0",0.0,"331","0","0","331",263.37387809339532,76.69474897316211,-73.415,11.227
Land,"0",0.0,"332","0","0","332",264.30885768073006,58.72889161585228,-72.628,11.732
Land,"0",0.0,"333","0","0","333",264.75803769329696,52.64916192463564,-72.238,11.956
Land,"0",0.0,"334","0","0","334",265.44093491982107,72.47568030529588,-71.754,12.437
Land,"0",0.0,"335","0","0","335",265.80049381788609,117.43472959514328,-71.400,12.376
Land,"0",0.0,"336","0","0","336",266.17200134228290,172.51840653278816,-71.137,12.113
Land,"0",0.0,"337","0","0","337",266.56077874930327,198.41089111580911,-71.332,11.776
Land,"0",0.0,"338","0","0","338",266.79868377481927,222.79829863784931,-71.360,11.540
Land,"0",0.0,"339","0","0","339",267.39723087806652,201.51640921613205,-71.947,11.423
Land,"0",0.0,"340","0","0","340",267.95612180863174,162.81239452151539,-71.621,10.969
Land,"0",0.0,"341","0","0","341",268.47927449886953,199.27753665492537,-71.633,10.446
Land,"0",0.0,"342","0","0","342",269.20854821499984,185.85759042782567,-72.074,9.866
Land,"0",0.0,"343","0","0","343",270.08759517791788,117.96057853223196,-71.696,9.072
Land,"0",0.0,"344","0","0","344",270.52349931188354,49.34353931556332,-71.265,9.137
Land,"0",0.0,"345","0","0","345",271.28037306070286,347.93335002514505,-71.040,9.860
Land,"0",0.0,"346","0","0","346",271.74935290741348,337.39493248295548,-71.350,10.212
Land,"0",0.0,"347","0","0","347",272.50823559114457,34.05714177225485,-71.401,10.969
Land,"0",0.0,"348","0","0","348",273.81822150599999,27.77186626272715,-70.155,11.375
Land,"0",0.0,"349","0","0","349",274.30961181907043,15.82387956611083,-70.294,11.847
Land,"0",0.0,"350","0","0","350",274.78121619385297,100.48670898633470,-69.943,12.162
Land,"0",0.0,"351","0","0","351",275.57014728594675,122.13376616812872,-69.584,11.460
Land,"0",0.0,"352","0","0","352",276.27162913487251,110.98655590676201,-68.883,11.443
Land,"0",0.0,"353","0","0","353",277.12794464648533,151.94770069605818,-68.233,10.886
Land,"0",0.0,"354","0","0","354",277.46124965461223,131.90465479216903,-68.194,10.555
Land,"0",0.0,"355","0","0","355",278.35918085345594,87.53291041366901,-67.296,10.546
Land,"0",0.0,"356","0","0","356",279.43253380550988,106.26531047325039,-66.228,10.649
Land,"0",0.0,"357","0","0","357",280.15939065693891,113.60483998291087,-65.655,10.201
Land,"0",0.0,"358","0","0","358",280.93415410393499,80.03404353771748,-64.890,10.077
Land,"0",0.0,"359","0","0","359",281.57626785654389,31.73983297844636,-64.329,10.390
Land,"0",0.0,"360","0","0","360",281.82829645097559,44.90568928654645,-64.318,10.641
Land,"0",0.0,"361","0","0","361",283.06846893922852,88.27375569511086,-63.079,10.702
Land,"0",0.0,"362","0","0","362",284.26691470452249,170.07510037979591,-61.881,10.716
Land,"0",0.0,"363","0","0","363",285.16601283513415,197.46106196067913,-62.730,10.420
Land,"0",0.0,"364","0","0","364",285.74865310039229,119.73734110768618,-62.388,9.948
Land,"0",0.0,"365","0","0","365",286.55198483334510,109.17098897373562,-61.589,9.873
Land,"0",0.0,"366","0","0","366",287.45571219161968,145.86117830437294,-60.831,9.381
Land,"0",0.0,"367","0","0","367",288.27236447305512,128.13498729679449,-60.671,8.580
Land,"0",0.0,"368","0","0","368",288.79397173255001,104.27921515925269,-60.150,8.603
Land,"0",0.0,"369","0","0","369",289.25123191301327,120.14740887718430,-59.758,8.367
Land,"0",0.0,"370","0","0","370",290.00384078093867,127.86781977071362,-59.102,7.999
Land,"0",0.0,"371","0","0","371",290.90243918870431,156.68295430603609,-58.483,7.348
Land,"0",0.0,"372","0","0","372",291.41803240580572,135.25015312888110,-58.455,6.833
Land,"0",0.0,"373","0","0","373",291.79555361616599,112.96092344769887,-58.078,6.809
Land,"0",0.0,"374","0","0","374",292.52024946190335,131.86010403792471,-57.542,6.321
Land,"0",0.0,"375","0","0","375",293.04664733948209,115.44969805462232,-57.147,5.973
Land,"0",0.0,"376","0","0","376",294.26137775334200,65.14770755132402,-55.949,5.773
Land,"0",0.0,"377","0","0","377",294.47122981066792,57.85332524272528,-55.842,5.953
Land,"0",0.0,"378","0","0","378",295.28304096810149,94.46673263252335,-55.033,6.025
Land,"0",0.0,"379","0","0","379",296.39132692850308,105.99551401735550,-53.958,5.757
Land,"0",0.0,"380","0","0","380",296.74831166475587,107.88314694388517,-53.618,5.646
Land,"0",0.0,"381","0","0","381",297.52171036176082,118.18564245885263,-52.882,5.410
Land,"0",0.0,"382","0","0","382",298.87571720778698,143.27775940990855,-51.823,4.566
Land,"0",0.0,"383","0","0","383",299.31750577891228,120.05575965388810,-51.658,4.156
Land,"0",0.0,"384","0","0","384",299.66145528278804,119.00718680154176,-51.317,4.203
Land,"0",0.0,"385","0","0","385",300.26724391832460,159.05875700338692,-51.070,3.651
Land,"0",0.0,"386","0","0","386",302.10400913873252,134.68172554550605,-50.509,1.901
Land,"0",0.0,"387","0","0","387",302.66366808432946,142.45559589400310,-49.974,1.737
Land,"0",0.0,"388","0","0","388",303.35437828933431,200.09231793376341,-49.947,1.046
Land,"0",0.0,"389","0","0","389",304.46951434636662,178.25801358575927,-50.699,0.223
Land,"0",0.0,"390","0","0","390",304.90270545025976,114.58745420864697,-50.388,-0.078
Land,"0",0.0,"391","0","0","391",306.67736784854964,136.50794832178053,-48.620,-0.235
Land,"0",0.0,"392","0","0","392",307.68039705125250,113.55682259651834,-48.584,-1.238
Land,"0",0.0,"393","0","0","393",308.68411854788883,77.55706560061493,-47.825,-0.582
Land,"0",0.0,"394","0","0","394",309.99273279460920,108.06413578969391,-46.567,-0.941
Land,"0",0.0,"395","0","0","395",311.76234500612759,125.19834054371564,-44.906,-1.552
Land,"0",0.0,"396","0","0","396",312.52499438946182,168.35496383627589,-44.418,-2.138
Land,"0",0.0,"397","0","0","397",313.10236525324422,135.82994741320681,-44.582,-2.691
Land,"0",0.0,"398","0","0","398",314.30540706086191,90.18065424155040,-43.419,-2.383
Land,"0",0.0,"399","0","0","399",316.32209530656866,96.85401908036174,-41.473,-2.912
Land,"0",0.0,"400","0","0","400",317.81662284261824,103.87384612580786,-39.979,-2.873
Land,"0",0.0,"401","0","0","401",319.51080970354587,125.25051255413590,-38.500,-3.701
Land,"0",0.0,"402","0","0","402",321.20964935421671,120.89331977863237,-37.223,-4.821
Land,"0",0.0,"403","0","0","403",322.03220925854043,101.60680024179428,-36.453,-5.109
Land,"0",0.0,"404","0","0","404",322.88825152977654,111.86181177322491,-35.598,-5.149
Land,"0",0.0,"405","0","0","405",323.36867301629917,148.05646232690785,-35.235,-5.465
Land,"0",0.0,"406","0","0","406",324.68644983602400,164.86457338284262,-34.896,-6.738
Land,"0",0.0,"407","0","0","407",325.31379547864299,179.09868488578365,-34.730,-7.343
Land,"0",0.0,"408","0","0","408",327.01427258211197,205.73391361343317,-35.128,-8.996
Land,"0",0.0,"409","0","0","409",327.84196428919040,221.64871277725177,-35.637,-9.649
Land,"0",0.0,"410","0","0","410",329.82263009386395,217.38765365656087,-37.047,-11.041
Land,"0",0.0,"411","0","0","411",331.12027875257121,214.94987219586841,-37.684,-12.171
Land,"0",0.0,"412","0","0","412",332.26024465484255,243.00771010013449,-38.424,-13.038
Land,"0",0.0,"413","0","0","413",332.51101119495036,233.15347635835877,-38.674,-13.058
Land,"0",0.0,"414","0","0","414",333.29795934224887,189.31102361238456,-38.953,-13.793
Land,"0",0.0,"415","0","0","415",335.17289509727527,184.04128335734751,-38.882,-15.667
Land,"0",0.0,"416","0","0","416",336.73926802301929,189.70218874443535,-39.161,-17.208
Land,"0",0.0,"417","0","0","417",337.40707822397292,203.93428949276415,-39.267,-17.868
Land,"0",0.0,"418","0","0","418",337.91269861949093,203.13372683129248,-39.583,-18.262
Land,"0",0.0,"419","0","0","419",339.26131903623957,202.69620162770019,-39.761,-19.599
Land,"0",0.0,"420","0","0","420",340.91419153884726,203.59178375310441,-40.775,-20.904
Land,"0",0.0,"421","0","0","421",341.96092277502743,215.59222007388641,-40.945,-21.937
Land,"0",0.0,"422","0","0","422",342.87898956968587,221.58842041391327,-41.754,-22.371
Land,"0",0.0,"423","0","0","423",343.52259727003258,235.73190911020345,-41.988,-22.970
Land,"0",0.0,"424","0","0","424",344.60902565898937,263.19915540281517,-43.075,-22.968
Land,"0",0.0,"425","0","0","425",346.22840084097152,246.99819186645192,-44.648,-23.352
Land,"0",0.0,"426","0","0","426",347.06139872759690,246.55130366427676,-45.352,-23.797
Land,"0",0.0,"427","0","0","427",348.21887678974116,245.64958277038312,-46.472,-24.089
Land,"0",0.0,"428","0","0","428",349.63978722054628,228.20007919024084,-47.649,-24.885
Land,"0",0.0,"429","0","0","429",350.94372967818316,205.75342319481197,-48.495,-25.877
Land,"0",0.0,"430","0","0","430",351.70447900535260,177.13215009130380,-48.641,-26.624
Land,"0",0.0,"431","0","0","431",352.28116865126862,176.85776700321495,-48.475,-27.176
Land,"0",0.0,"432","0","0","432",353.30849263499982,197.70921555760413,-48.661,-28.186
Land,"0",0.0,"433","0","0","433",353.84665366002639,218.35821804720567,-48.888,-28.674
Land,"0",0.0,"434","0","0","434",354.73623310368515,222.00387824926619,-49.587,-29.224
Land,"0",0.0,"435","0","0","435",356.81672807780888,220.08644863170028,-50.697,-30.984
Land,"0",0.0,"436","0","0","436",358.00100018370716,231.71242692353508,-51.576,-31.778
Land,"0",0.0,"437","0","0","437",358.82619576933041,220.54695183605193,-52.256,-32.245
Land,"0",0.0,"438","0","0","438",359.88113196710071,217.38714286477955,-52.712,-33.197
Land,"0",0.0,"439","0","0","439",360.75545484540203,221.85856669897001,-53.374,-33.768
Land,"0",0.0,"440","0","0","440",361.51854196490058,229.17544009970663,-53.806,-34.397
Land,"0",0.0,"441","0","0","441",362.77728349223821,264.47429918865993,-54.936,-34.953
Land,"0",0.0,"442","0","0","442",363.54208748827995,271.97764252684681,-55.674,-34.753
Land,"0",0.0,"443","0","0","443",364.09378491723209,276.85688022638794,-56.215,-34.860
Land,"0",0.0,"444","0","0","444",365.11310631718931,281.10192077163975,-57.140,-34.430
Land,"0",0.0,"445","0","0","445",365.79196358332638,289.76423219336277,-57.818,-34.463
Land,"0",0.0,"446","0","0","446",366.61474393620983,249.85043245874155,-58.427,-33.909
Land,"0",0.0,"447","0","0","447",367.14124230039454,155.73523196688348,-58.495,-34.432
Land,"0",0.0,"448","0","0","448",368.67278488137487,157.60306655258722,-57.226,-35.288
Land,"0",0.0,"449","0","0","449",369.37556751901366,158.04483516559321,-57.362,-35.977
Land,"0",0.0,"450","0","0","450",370.13727847574290,155.40797169336824,-56.737,-36.413
Land,"0",0.0,"451","0","0","451",370.62830835618411,201.38606621798729,-56.788,-36.901
Land,"0",0.0,"452","0","0","452",372.23076214247254,233.47887664883885,-57.749,-38.184
Land,"0",0.0,"453","0","0","453",373.80750380520152,257.09408642372398,-59.232,-38.720
Land,"0",0.0,"454","0","0","454",375.82389561402277,269.65601861794084,-61.237,-38.928
Land,"0",0.0,"455","0","0","455",376.92695221352915,217.91633495382587,-62.336,-38.828
Land,"0",0.0,"456","0","0","456",377.55924757837016,177.94487920296555,-62.126,-39.424
Land,"0",0.0,"457","0","0","457",378.33527067590097,177.59913115662758,-62.331,-40.173
Land,"0",0.0,"458","0","0","458",378.87223844801190,199.75459574757855,-62.146,-40.677
Land,"0",0.0,"459","0","0","459",379.56759370398890,250.96484771507025,-62.746,-41.029
Land,"0",0.0,"460","0","0","460",380.60157985403930,276.53342989647564,-63.771,-41.167
Land,"0",0.0,"461","0","0","461",381.62984584280093,263.30100450425300,-64.732,-40.803
Land,"0",0.0,"462","0","0","462",382.09606036981006,203.93639440133683,-65.118,-41.064
Land,"0",0.0,"463","0","0","463",383.09950435798510,143.02202011710719,-64.979,-42.058
Land,"0",0.0,"464","0","0","464",383.83874182179358,87.04562249796858,-64.303,-42.359
Land,"0",0.0,"465","0","0","465",384.47053221712406,105.11231535572227,-63.756,-42.044
Land,"0",0.0,"466","0","0","466",385.06931248716154,200.76791573166167,-63.458,-42.563
Land,"0",0.0,"467","0","0","467",386.04098876443118,241.81031833863861,-64.379,-42.873
Land,"0",0.0,"468","0","0","468",387.05663649280336,210.27998070244280,-65.182,-43.495
Land,"0",0.0,"469","0","0","469",388.07329751300546,196.06477720639387,-65.329,-44.501
Land,"0",0.0,"470","0","0","470",388.65867272704162,236.82361889546269,-65.565,-45.037
Land,"0",0.0,"471","0","0","471",389.60337904753311,253.33341777642332,-66.510,-45.040
Land,"0",0.0,"472","0","0","472",390.53984768743186,218.88038991476773,-67.294,-45.552
Land,"0",0.0,"473","0","0","473",391.34260046279837,163.79467516180620,-67.581,-46.302
Land,"0",0.0,"474","0","0","474",392.56873129757997,114.30435941623948,-66.597,-47.034
Land,"0",0.0,"475","0","0","475",393.54587639128579,151.46336008225288,-65.641,-47.236
Land,"0",0.0,"476","0","0","476",394.50682069103709,222.72852417874665,-65.985,-48.133
Land,"0",0.0,"477","0","0","477",395.81567586687282,226.73762926923487,-67.166,-48.697
Land,"0",0.0,"478","0","0","478",397.15612680578658,227.81113054686355,-67.816,-49.870
Land,"0",0.0,"479","0","0","479",398.15035484271755,233.90525895483441,-68.729,-50.264
Land,"0",0.0,"480","0","0","480",398.77260632994881,191.95767097836136,-69.138,-50.732
Land,"0",0.0,"481","0","0","481",399.86030616397562,146.87182016128202,-68.815,-51.771
Land,"0",0.0,"482","0","0","482",400.74230464624935,203.93224918996924,-68.150,-52.350
Land,"0",0.0,"483","0","0","483",401.16677888752031,273.66471325285619,-68.571,-52.299
Land,"0",0.0,"484","0","0","484",402.05664209879450,256.70603444823905,-69.461,-52.292
Land,"0",0.0,"485","0","0","485",402.59725556444920,245.55528824558709,-69.943,-52.538
Land,"0",0.0,"486","0","0","486",403.56928864334986,218.98678679249423,-70.845,-52.899
Land,"0",0.0,"487","0","0","487",404.51711704430966,228.32856541644037,-71.006,-53.833
Land,"0",0.0,"488","0","0","488",404.94127458630800,276.46863682786284,-71.430,-53.856
Land,"0",0.0,"489","0","0","489",406.11527263076090,293.69056719231799,-72.558,-53.531
Land,"0",0.0,"490","0","0","490",407.45517156483680,298.00797963473576,-73.703,-52.835
Land,"0",0.0,"491","0","0","491",408.82461002625473,314.19695328195752,-74.947,-52.263
Land,"0",0.0,"492","0","0","492",409.53124929702534,359.75006625534809,-75.260,-51.629
Land,"0",0.0,"493","0","0","493",410.18206339312110,354.35532943667050,-74.977,-51.043
Land,"0",0.0,"494","0","0","494",411.01598138125945,339.29676538256064,-75.480,-50.378
Land,"0",0.0,"495","0","0","495",412.72539250002853,9.77509706793306,-75.608,-48.674
Land,"0",0.0,"496","0","0","496",413.77701883362062,38.83140725466356,-75.183,-47.712
Land,"0",0.0,"497","0","0","497",415.08560661816074,347.34216328147585,-74.127,-46.939
Land,"0",0.0,"498","0","0","498",416.63119069553494,344.00986850211405,-75.644,-46.648
Land,"0",0.0,"499","0","0","499",417.93030379878439,29.36277159457746,-74.692,-45.764
Land,"0",0.0,"500","0","0","500",419.62577463868240,59.57481830513128,-74.352,-44.103
Land,"0",0.0,"501","0","0","501",420.79153478835832,60.86299671006312,-73.240,-44.455
Land,"0",0.0,"502","0","0","502",422.92802623185514,332.88126561986530,-72.718,-42.383
Land,"0",0.0,"503","0","0","503",423.64994606079358,242.82691928674689,-73.389,-42.117
Land,"0",0.0,"504","0","0","504",424.93672903808465,238.31817513379957,-73.701,-43.366
Land,"0",0.0,"505","0","0","505",425.58287336901350,327.48546208744619,-74.332,-43.225
Land,"0",0.0,"506","0","0","506",427.04711891464342,11.40312224561977,-74.018,-41.795
Land,"0",0.0,"507","0","0","507",428.93079723296944,22.16625359269689,-73.677,-39.942
Land,"0",0.0,"508","0","0","508",429.75449112549046,8.73523887676880,-73.218,-39.259
Land,"0",0.0,"509","0","0","509",430.77178860273170,349.68546556165177,-73.505,-38.283
Land,"0",0.0,"510","0","0","510",431.90139364343162,40.69775425006034,-73.588,-37.156
Land,"0",0.0,"511","0","0","511",432.32397339407203,53.19408873772400,-73.167,-37.124
Land,"0",0.0,"512","0","0","512",434.05159654714379,22.08912594891807,-72.553,-35.509
Land,"0",0.0,"513","0","0","513",435.79429216705807,19.61455028125629,-71.862,-33.909
Land,"0",0.0,"514","0","0","514",437.34345703116543,3.55929757214260,-71.438,-32.419
Land,"0",0.0,"515","0","0","515",438.85933279727050,5.58525096075886,-71.669,-30.921
Land,"0",0.0,"516","0","0","516",439.73664063649386,7.18097022641942,-71.370,-30.096
Land,"0",0.0,"517","0","0","517",440.97675590612016,10.02232061101982,-71.490,-28.861
Land,"0",0.0,"518","0","0","518",442.33054872746470,15.45404834413449,-70.905,-27.640
Land,"0",0.0,"519","0","0","519",444.27342480840503,7.05225463778679,-70.725,-25.706
Land,"0",0.0,"520","0","0","520",446.37504695474649,8.37519218743589,-70.404,-23.629
Land,"0",0.0,"521","0","0","521",448.63242047851838,2.70158709203046,-70.091,-21.393
Land,"0",0.0,"522","0","0","522",450.27096010344872,354.51746054417646,-70.164,-19.756
Land,"0",0.0,"523","0","0","523",451.69475372568985,325.69528129801665,-70.372,-18.348
Land,"0",0.0,"524","0","0","524",452.85016071179490,323.92632249991124,-71.375,-17.774
Land,"0",0.0,"525","0","0","525",453.26963816116859,322.45908969107239,-71.462,-17.363
Land,"0",0.0,"526","0","0","526",455.49192377806952,299.11878195703480,-73.445,-16.359
Land,"0",0.0,"527","0","0","527",457.59239680210675,305.00220687044367,-75.238,-15.266
Land,"0",0.0,"528","0","0","528",458.57983570424858,320.99920087709455,-76.009,-14.649
Land,"0",0.0,"529","0","0","529",459.50396122493942,1.52068341006142,-76.423,-13.823
Land,"0",0.0,"530","0","0","530",459.83565450026464,358.41457162257899,-76.259,-13.535
Land,"0",0.0,"531","0","0","531",461.39751198386921,329.52104637376834,-77.106,-12.223
Land,"0",0.0,"532","0","0","532",463.48943517994826,333.24820509418004,-78.092,-10.378
Land,"0",0.0,"533","0","0","533",465.69332439707654,326.35647605698153,-79.037,-8.387
Land,"0",0.0,"534","0","0","534",466.30573068276902,327.48522890450624,-79.446,-7.931
Land,"0",0.0,"535","0","0","535",467.10660916675550,323.44951220393665,-79.760,-7.194
Land,"0",0.0,"536","0","0","536",468.12128401674346,304.81771097128319,-80.537,-6.542
Land,"0",0.0,"537","0","0","537",468.94082102186138,347.78240998042622,-81.250,-6.137
Land,"0",0.0,"538","0","0","538",469.49216061204538,4.51079810911930,-80.926,-5.690
Land,"0",0.0,"539","0","0","539",470.56201259189010,358.51472396472400,-81.411,-4.737
Land,"0",0.0,"540","0","0","540",471.32839320055160,37.78652109643270,-81.100,-4.036
Land,"0",0.0,"541","0","0","541",472.34540211016366,43.53486263681256,-80.302,-3.405
Land,"0",0.0,"542","0","0","542",473.26290359706616,4.55708467957657,-79.770,-2.657
Land,"0",0.0,"543","0","0","543",473.75030007328576,276.55145040156674,-79.987,-2.221
Land,"0",0.0,"544","0","0","544",474.35181305449538,262.82152839433093,-80.369,-2.685
Land,"0",0.0,"545","0","0","545",475.09404009830030,350.97375707259249,-80.968,-2.247
Land,"0",0.0,"546","0","0","546",475.44135936113912,12.60881424993328,-80.765,-1.965
Land,"0",0.0,"547","0","0","547",476.36458020327689,28.09267340847792,-80.934,-1.057
Land,"0",0.0,"548","0","0","548",476.74590137552326,41.58915489765353,-80.583,-0.907
Land,"0",0.0,"549","0","0","549",477.39549746822178,23.44636594875915,-80.399,-0.284
Land,"0",0.0,"550","0","0","550",478.14262192502150,10.36687808316077,-80.021,0.360
Land,"0",0.0,"551","0","0","551",478.55656302967714,29.46050133642872,-80.091,0.768
Land,"0",0.0,"552","0","0","552",479.14482224039546,64.27801038195830,-79.543,0.983
Land,"0",0.0,"553","0","0","553",479.93922038503985,18.16423185299159,-78.855,1.381
Land,"0",0.0,"554","0","0","554",480.27792155956337,27.50071056154619,-78.991,1.691
Land,"0",0.0,"555","0","0","555",480.65853139606673,36.77443221172168,-78.618,1.766
Land,"0",0.0,"556","0","0","556",481.16128143108887,13.92356491923394,-78.662,2.267
Land,"0",0.0,"557","0","0","557",481.59295495444144,57.60510514526522,-78.428,2.630
Land,"0",0.0,"558","0","0","558",482.09355482826686,58.06883930774688,-77.932,2.697
Land,"0",0.0,"559","0","0","559",482.84998956246750,34.97081674175854,-77.510,3.325
Land,"0",0.0,"560","0","0","560",483.49933858542454,349.48249459443014,-77.128,3.850
Land,"0",0.0,"561","0","0","561",483.93811098452289,340.43088089129969,-77.496,4.088
Land,"0",0.0,"562","0","0","562",484.54838735318202,2.07734570143021,-77.308,4.668
Land,"0",0.0,"563","0","0","563",485.49058625165634,12.70097449574879,-77.533,5.583
Land,"0",0.0,"564","0","0","564",485.82944170903392,14.34016841873175,-77.319,5.845
Land,"0",0.0,"565","0","0","565",486.68987882085133,336.09555825648465,-77.477,6.691
Land,"0",0.0,"566","0","0","566",487.35905742127653,316.81927415341170,-77.882,7.224
Land,"0",0.0,"567","0","0","567",487.79985464233766,324.61585630073051,-78.215,7.512
Land,"0",0.0,"568","0","0","568",488.38058552568685,10.56110365935200,-78.429,8.052
Land,"0",0.0,"569","0","0","569",488.74447195222569,343.93464969469761,-78.182,8.319
Land,"0",0.0,"570","0","0","570",489.00702281957763,307.82496666877495,-78.435,8.388
Land,"0",0.0,"571","0","0","571",489.38645251118271,314.85305397849538,-78.622,8.718
Land,"0",0.0,"572","0","0","572",489.95700095757672,280.44535479037324,-79.120,8.996
Land,"0",0.0,"573","0","0","573",490.39909940373502,235.97331618534673,-79.558,8.932
Land,"0",0.0,"574","0","0","574",490.80184747977711,224.17433559103063,-79.760,8.584
Land,"0",0.0,"575","0","0","575",491.27754746070190,249.53473580432239,-80.164,8.333
Land,"0",0.0,"576","0","0","576",491.49844393654161,233.07910378312971,-80.383,8.299
Land,"0",0.0,"577","0","0","577",491.72863787257455,171.95202865730633,-80.481,8.090
Land,"0",0.0,"578","0","0","578",492.45130788112880,191.79902989090780,-80.004,7.547
Land,"0",0.0,"579","0","0","579",492.75275337495674,234.59243478811916,-80.277,7.420
Land,"0",0.0,"580","0","0","580",492.95971451802421,244.01043866798040,-80.421,7.271
Land,"0",0.0,"581","0","0","581",493.42782910318010,303.79480757038101,-80.886,7.221
Land,"0",0.0,"582","0","0","582",494.04975388023161,280.64398964852001,-81.060,7.818
Land,"0",0.0,"583","0","0","583",494.26386390343913,248.78216256600220,-81.190,7.648
Land,"0",0.0,"584","0","0","584",494.59884464230282,306.73214396972122,-81.519,7.707
Land,"0",0.0,"585","0","0","585",495.04881562615736,306.28549311587153,-81.721,8.109
Land,"0",0.0,"586","0","0","586",495.46428190336837,286.74802578288944,-82.131,8.175
Land,"0",0.0,"587","0","0","587",495.74890402662714,282.03062490851494,-82.391,8.292
Land,"0",0.0,"588","0","0","588",496.17804514434306,228.94444686153341,-82.820,8.291
Land,"0",0.0,"589","0","0","589",496.39721202220352,255.44411326636339,-82.851,8.074
Land,"0",0.0,"590","0","0","590",496.58704695973438,307.50820405656742,-82.966,8.225
Land,"0",0.0,"591","0","0","591",497.17334553673254,304.09697308004246,-83.508,8.447
Land,"0",0.0,"592","0","0","592",497.46548283804213,354.76467752755258,-83.711,8.657
Land,"0",0.0,"593","0","0","593",497.67380061894983,12.11647365048904,-83.596,8.831
Land,"0",0.0,"594","0","0","594",497.89777274871625,330.73641790443583,-83.633,9.052
Land,"0",0.0,"595","0","0","595",498.26409014148715,303.67576017702135,-83.910,9.291
Land,"0",0.0,"596","0","0","596",498.70396120095813,293.47307777966057,-84.303,9.487
Land,"0",0.0,"597","0","0","597",499.07116632321930,318.86294622295071,-84.648,9.615
Land,"0",0.0,"598","0","0","598",499.37107521958114,325.79742341413527,-84.713,9.908
Land,"0",0.0,"599","0","0","599",499.68835792450591,235.90519492562353,-84.976,10.087
Land,"0",0.0,"600","0","0","600",499.98601523681208,193.70210988987259,-84.911,9.796
Land,"0",0.0,"601","0","0","601",500.29731599099358,270.18377813839680,-85.111,9.557
Land,"0",0.0,"602","0","0","602",500.65671388363114,303.80239716089574,-85.339,9.834
Land,"0",0.0,"603","0","0","603",500.99279725304285,306.47745376027223,-85.661,9.933
Land,"0",0.0,"604","0","0","604",501.23638342306759,343.46792216335524,-85.797,10.135
Land,"0",0.0,"605","0","0","605",501.54081981373378,11.93763412135263,-85.792,10.439
Land,"0",0.0,"606","0","0","606",501.88251030751985,339.66785376122516,-85.659,10.754
Land,"0",0.0,"607","0","0","607",502.19818570518385,353.20676959801608,-85.942,10.895
Land,"0",0.0,"608","0","0","608",502.49792518781931,1.09886693437290,-85.713,11.089
Land,"0",0.0,"609","0","0","609",502.96575402673352,311.55779673570555,-86.058,11.404
Land,"0",0.0,"610","0","0","610",503.58320288077033,318.83356264565322,-86.526,11.807
Land,"0",0.0,"611","0","0","611",503.98585754734950,316.78715231222770,-86.746,12.144
Land,"0",0.0,"612","0","0","612",504.51164115545640,309.36375746487965,-87.167,12.458
Land,"0",0.0,"613","0","0","613",505.18616353495008,353.84000243827359,-87.669,12.910
Land,"0",0.0,"614","0","0","614",505.37664854708635,84.00803302644771,-87.557,13.065
Land,"0",0.0,"615","0","0","615",505.60009986293232,89.70960439870200,-87.392,12.914
Land,"0",0.0,"616","0","0","616",505.70366017502266,9.06904929917554,-87.317,12.985
Land,"0",0.0,"617","0","0","617",506.06101664178283,308.53758823221494,-87.489,13.297
Land,"0",0.0,"618","0","0","618",506.37695274603823,245.62002254479992,-87.793,13.385
Land,"0",0.0,"619","0","0","619",506.63723180087823,238.35497312245451,-87.904,13.149
Land,"0",0.0,"620","0","0","620",507.21658271563115,278.18467231100539,-88.483,13.164
Land,"0",0.0,"621","0","0","621",507.58904476953353,290.30220093226615,-88.843,13.260
Land,"0",0.0,"622","0","0","622",508.04793914537805,286.03189362566008,-89.257,13.459
Land,"0",0.0,"623","0","0","623",508.60705273277898,291.77234407755969,-89.812,13.521
Land,"0",0.0,"624","0","0","624",508.96248996296930,297.97836718034904,-90.096,13.735
Land,"0",0.0,"625","0","0","625",509.50433706601802,280.21654329076722,-90.609,13.910
Land,"0",0.0,"626","0","0","626",510.12843718078898,282.55211482971595,-91.232,13.928
Land,"0",0.0,"627","0","0","627",510.62688392984910,300.46734662987853,-91.690,14.126
Land,"0",0.0,"628","0","0","628",511.30490134959962,310.52777212937411,-92.228,14.539
Land,"0",0.0,"629","0","0","629",512.86685647052479,307.88622458003618,-93.359,15.615
Land,"0",0.0,"630","0","0","630",513.47642348643797,294.95840665450760,-93.875,15.940
Land,"0",0.0,"631","0","0","631",514.33347511031309,275.14468327250819,-94.692,16.201
Land,"0",0.0,"632","0","0","632",514.89679472938474,253.73763221833585,-95.250,16.128
Land,"0",0.0,"633","0","0","633",515.78376071124251,251.91763077012817,-96.053,15.752
Land,"0",0.0,"634","0","0","634",516.29727742937007,274.70088395637202,-96.557,15.654
Land,"0",0.0,"635","0","0","635",517.05110930392857,287.35445968531752,-97.264,15.917
Land,"0",0.0,"636","0","0","636",517.82425572435966,290.19238732815904,-98.013,16.107
Land,"0",0.0,"637","0","0","637",518.86548022244426,288.36840900556581,-98.948,16.566
Land,"0",0.0,"638","0","0","638",519.62817133925410,286.45608191439175,-99.697,16.706
Land,"0",0.0,"639","0","0","639",520.85200403713384,296.03235562066965,-100.830,17.171
Land,"0",0.0,"640","0","0","640",521.81549895114551,308.17343018532284,-101.666,17.649
Land,"0",0.0,"641","0","0","641",522.18292031095416,296.35167986312013,-101.919,17.916
Land,"0",0.0,"642","0","0","642",522.74567843256057,281.64479794976165,-102.478,17.976
Land,"0",0.0,"643","0","0","643",523.81638527907592,302.40320266094920,-103.501,18.292
Land,"0",0.0,"644","0","0","644",524.43428133866200,307.73065174641704,-103.917,18.749
Land,"0",0.0,"645","0","0","645",525.64949026650777,309.68930159361537,-104.992,19.316
Land,"0",0.0,"646","0","0","646",526.45488029003684,327.73031353038016,-105.493,19.947
Land,"0",0.0,"647","0","0","647",526.99726672573149,23.81094029365807,-105.731,20.434
Land,"0",0.0,"648","0","0","648",527.34492551528194,26.92874958058811,-105.398,20.532
Land,"0",0.0,"649","0","0","649",527.64813896329019,10.85651291776965,-105.501,20.817
Land,"0",0.0,"650","0","0","650",527.99476700883758,21.18059649286272,-105.271,21.076
Land,"0",0.0,"651","0","0","651",528.34062667339947,341.95270273709593,-105.266,21.422
Land,"0",0.0,"652","0","0","652",528.90232110603495,335.15180753012584,-105.603,21.871
Land,"0",0.0,"653","0","0","653",529.31027492193050,336.80256061211304,-105.693,22.269
Land,"0",0.0,"654","0","0","654",529.91608178735157,322.42266535257318,-106.029,22.774
Land,"0",0.0,"655","0","0","655",531.24461310966524,313.14261337340810,-106.910,23.768
Land,"0",0.0,"656","0","0","656",532.51779285163195,314.93471346969528,-107.915,24.549
Land,"0",0.0,"657","0","0","657",533.30857540903344,308.73882269540962,-108.402,25.172
Land,"0",0.0,"658","0","0","658",534.25905825249185,309.23204935451110,-109.260,25.581
Land,"0",0.0,"659","0","0","659",534.56475952126027,348.43850710242731,-109.444,25.825
Land,"0",0.0,"660","0","0","660",535.20127054992895,334.22144319773628,-109.292,26.443
Land,"0",0.0,"661","0","0","661",535.76185094873551,302.02432202972085,-109.801,26.676
Land,"0",0.0,"662","0","0","662",536.52651441346177,324.90373007986773,-110.392,27.162
Land,"0",0.0,"663","0","0","663",537.26751375081255,309.47184743420598,-110.641,27.860
Land,"0",0.0,"664","0","0","664",537.81153478354986,295.40749657778582,-111.179,27.941
Land,"0",0.0,"665","0","0","665",538.59557016672954,314.14151390325452,-111.760,28.468
Land,"0",0.0,"666","0","0","666",539.27102995754080,334.06355304204885,-112.228,28.955
Land,"0",0.0,"667","0","0","667",539.58643304733039,338.28542711326827,-112.272,29.267
Land,"0",0.0,"668","0","0","668",540.51270373083150,329.84234112472416,-112.810,30.021
Land,"0",0.0,"669","0","0","669",541.35650286570399,348.71416210309735,-113.164,30.787
Land,"0",0.0,"670","0","0","670",541.74095623656240,330.49841531199013,-113.149,31.171
Land,"0",0.0,"671","0","0","671",542.56577316397386,280.65113442144269,-113.872,31.568
Land,"0",0.0,"672","0","0","672",542.90240712784805,279.16739990804882,-114.206,31.524
Land,"0",0.0,"673","0","0","673",543.53619316326979,248.65332432740496,-114.776,31.800
Land,"0",0.0,"674","0","0","674",543.97286078872764,181.24979076942131,-114.937,31.393
Land,"0",0.0,"675","0","0","675",544.48040863015808,166.79211287120361,-114.771,30.914
Land,"0",0.0,"676","0","0","676",545.23766099834529,156.43228434044650,-114.674,30.163
Land,"0",0.0,"677","0","0","677",545.77386254047497,136.55441776286551,-114.331,29.750
Land,"0",0.0,"678","0","0","678",546.78641504190193,138.93480833666979,-113.589,29.062
Land,"0",0.0,"679","0","0","679",547.07377623867535,130.07857565471213,-113.424,28.826
Land,"0",0.0,"680","0","0","680",547.24180552499649,137.07406693224476,-113.272,28.755
Land,"0",0.0,"681","0","0","681",547.60982050079724,122.25073646195177,-113.140,28.411
Land,"0",0.0,"682","0","0","682",547.78810360713419,124.11056519048374,-112.962,28.425
Land,"0",0.0,"683","0","0","683",548.46362126085933,146.33392855492639,-112.762,27.780
Land,"0",0.0,"684","0","0","684",548.85979913894823,139.45694817160191,-112.458,27.526
Land,"0",0.0,"685","0","0","685",549.27294944332255,138.98565132870436,-112.245,27.172
Land,"0",0.0,"686","0","0","686",550.08158106758799,144.68500660364307,-111.617,26.663
Land,"0",0.0,"687","0","0","687",551.06919976302902,153.12077272423988,-111.285,25.733
Land,"0",0.0,"688","0","0","688",551.59833654433442,147.60964986804538,-110.988,25.295
Land,"0",0.0,"689","0","0","689",552.14304900143588,161.69369384705848,-110.710,24.826
Land,"0",0.0,"690","0","0","690",552.67331308827875,133.98216157224974,-110.655,24.299
Land,"0",0.0,"691","0","0","691",553.15668101494418,116.24478948698867,-110.173,24.266
Land,"0",0.0,"692","0","0","692",553.76272331297264,139.74655282642547,-109.772,23.811
Land,"0",0.0,"693","0","0","693",554.33802896585587,164.32543536539876,-109.409,23.365
Land,"0",0.0,"694","0","0","694",554.51862525837373,208.30103461244784,-109.433,23.186
Land,"0",0.0,"695","0","0","695",555.07724745782161,250.21557139884891,-109.854,22.818
Land,"0",0.0,"696","0","0","696",555.25443709977458,304.05669626579237,-110.031,22.823
Land,"0",0.0,"697","0","0","697",555.91712241517394,323.80251434616122,-110.295,23.431
Land,"0",0.0,"698","0","0","698",556.78506958568516,307.44426905169473,-110.950,24.001
Land,"0",0.0,"699","0","0","699",557.65317962283882,300.12598199439731,-111.671,24.484
Land,"0",0.0,"700","0","0","700",558.22420872141095,329.49905965232966,-112.182,24.739
Land,"0",0.0,"701","0","0","701",558.95670384002233,353.46941105085750,-112.149,25.470
Land,"0",0.0,"702","0","0","702",559.51935835708684,323.69929295978216,-112.301,26.012
Land,"0",0.0,"703","0","0","703",560.08787423438514,303.01819164152948,-112.777,26.322
Land,"0",0.0,"704","0","0","704",560.90733989315027,264.35839222316304,-113.465,26.768
Land,"0",0.0,"705","0","0","705",561.09181350095173,270.82906990755509,-113.597,26.640
Land,"0",0.0,"706","0","0","706",561.45443519916864,303.67819744839312,-113.849,26.900
Land,"0",0.0,"707","0","0","707",562.11703208235861,302.99586966284465,-114.466,27.142
Land,"0",0.0,"708","0","0","708",562.94440143203929,359.27854844924144,-115.055,27.723
Land,"0",0.0,"709","0","0","709",563.04942215143626,70.91723590892543,-114.982,27.798
Land,"0",0.0,"710","0","0","710",563.46518046448125,71.32487259792605,-114.570,27.742
Land,"0",0.0,"711","0","0","711",563.99171573368699,24.76490716644410,-114.199,28.115
Land,"0",0.0,"712","0","0","712",564.44424374314360,338.77359563812854,-114.162,28.566
Land,"0",0.0,"713","0","0","713",565.49379487879253,304.03572695608966,-114.932,29.279
Land,"0",0.0,"714","0","0","714",566.14264897192209,312.34925550613576,-115.519,29.556
Land,"0",0.0,"715","0","0","715",566.86798815204611,329.97352364340730,-115.887,30.181
Land,"0",0.0,"716","0","0","716",567.62121987231444,330.20210216422703,-116.258,30.836
Land,"0",0.0,"717","0","0","717",568.54494165751601,332.80203267967886,-116.721,31.636
Land,"0",0.0,"718","0","0","718",569.53199005540637,338.74029704206248,-117.128,32.535
Land,"0",0.0,"719","0","0","719",570.07000955699459,326.68105786686880,-117.296,33.046
Land,"0",0.0,"720","0","0","720",570.93631558791446,297.97951582863351,-117.944,33.621
Land,"0",0.0,"721","0","0","721",571.41807948085432,311.76293217472573,-118.411,33.741
Land,"0",0.0,"722","0","0","722",571.72518085819047,307.13191081895053,-118.520,34.028
Land,"0",0.0,"723","0","0","723",572.28852106016711,291.09731310869046,-119.081,34.078
Land,"0",0.0,"724","0","0","724",572.73698595736323,291.56774862797675,-119.439,34.349
Land,"0",0.0,"725","0","0","725",573.67121683569303,289.19680956601235,-120.368,34.447
Land,"0",0.0,"726","0","0","726",573.97302756167630,324.92131690167935,-120.623,34.609
Land,"0",0.0,"727","0","0","727",574.53473111024675,331.75296770566393,-120.744,35.157
Land,"0",0.0,"728","0","0","728",575.93150576287644,322.53696224013783,-121.715,36.162
Land,"0",0.0,"729","0","0","729",577.55210702614420,348.88890075225572,-122.547,37.552
Land,"0",0.0,"730","0","0","730",577.78643422629193,337.75911601992271,-122.512,37.784
Land,"0",0.0,"731","0","0","731",578.33748429274021,312.04539940588359,-122.953,38.114
Land,"0",0.0,"732","0","0","732",579.47819739969941,333.83525848384255,-123.727,38.952
Land,"0",0.0,"733","0","0","733",580.30516183302814,333.05010440744263,-123.865,39.767
Land,"0",0.0,"734","0","0","734",581.06825986830472,345.26164646684617,-124.398,40.313
Land,"0",0.0,"735","0","0","735",581.92556312538682,6.24284785547121,-124.179,41.142
Land,"0",0.0,"736","0","0","736",582.78387842753739,347.53242723458288,-124.214,42.000
Land,"0",0.0,"737","0","0","737",583.61406926470124,359.95678295091153,-124.533,42.766
Land,"0",0.0,"738","0","0","738",584.63422657774731,15.07414443579162,-124.142,43.708
Land,"0",0.0,"739","0","0","739",586.46544546788652,359.97945379945253,-123.899,45.523
Land,"0",0.0,"740","0","0","740",587.81874543246545,346.02562105507604,-124.080,46.865
Land,"0",0.0,"741","0","0","741",588.73086140147666,333.79865877398942,-124.396,47.720
Land,"0",0.0,"742","0","0","742",589.27902850700548,359.84460255342583,-124.687,48.185
Land,"0",0.0,"743","0","0","743",589.50873048812593,67.51533689822878,-124.566,48.380
Land,"0",0.0,"744","0","0","744",590.99417666138470,126.88908627942259,-123.120,48.040
Land,"0",0.0,"745","0","0","745",592.07808807354797,96.84441772436180,-122.587,47.096
Land,"0",0.0,"746","0","0","746",592.43977597220692,16.04367146032608,-122.340,47.360
Land,"0",0.0,"747","0","0","747",593.27524196118759,343.21948897831584,-122.500,48.180
Land,"0",0.0,"748","0","0","748",594.16295265404449,304.28635244582654,-122.840,49.000
Land,"0",0.0,"749","0","0","749",594.29713241706099,283.99484955215354,-122.974,49.003
Land,"0",0.0,"750","0","0","750",596.46797224934642,299.02924059955598,-124.910,49.985
Land,"0",0.0,"751","0","0","751",597.30279776526561,292.01999737293482,-125.625,50.417
Land,"0",0.0,"752","0","0","752",599.16055058791630,305.34678657511927,-127.436,50.831
Land,"0",0.0,"753","0","0","753",600.20644304512211,350.43869559819888,-127.993,51.716
Land,"0",0.0,"754","0","0","754",600.83657343309096,330.73370228992400,-127.850,52.330
Land,"0",0.0,"755","0","0","755",602.18498083090356,318.06394247957627,-129.130,52.755
Land,"0",0.0,"756","0","0","756",603.01006983516345,324.34547668467832,-129.305,53.562
Land,"0",0.0,"757","0","0","757",604.42092414067963,329.30748930320311,-130.515,54.288
Land,"0",0.0,"758","0","0","758",604.93631310283433,331.01544558888878,-130.536,54.803
Land,"0",0.0,"759","0","0","759",605.60246631400446,297.14202467895478,-131.086,55.179
Land,"0",0.0,"760","0","0","760",606.53983598932439,315.96732468786070,-131.967,55.498
Land,"0",0.0,"761","0","0","761",607.45672297817703,322.06948520257856,-132.250,56.370
Land,"0",0.0,"762","0","0","762",608.97860236179247,316.19547940037836,-133.539,57.179
Land,"0",0.0,"763","0","0","763",610.06573853145505,302.06803272556891,-134.078,58.123
Land,"0",0.0,"764","0","0","764",611.02811254809671,272.36692147546250,-135.038,58.188
Land,"0",0.0,"765","0","0","765",612.61808553563083,277.34255342252118,-136.628,58.212
Land,"0",0.0,"766","0","0","766",613.82491196592196,290.22479730415279,-137.800,58.500
Land,"0",0.0,"767","0","0","767",616.13852977096565,288.92560485659448,-139.868,59.538
Land,"0",0.0,"768","0","0","768",617.11451576107379,281.36768104706243,-140.825,59.727
Land,"0",0.0,"769","0","0","769",618.89978008184880,274.00782503482827,-142.574,60.084
Land,"0",0.0,"770","0","0","770",620.28679531093235,274.81366200218173,-143.959,59.999
Land,"0",0.0,"771","0","0","771",622.30640238860701,286.43054256553722,-145.925,60.459
Land,"0",0.0,"772","0","0","772",623.56933148382416,274.46018089112403,-147.114,60.885
Land,"0",0.0,"773","0","0","773",624.69924754667500,211.33471487476308,-148.224,60.673
Land,"0",0.0,"774","0","0","774",625.42405090031457,213.43149737725980,-148.018,59.978
Land,"0",0.0,"775","0","0","775",625.98053474260075,261.58913114420176,-148.571,59.914
Land,"0",0.0,"776","0","0","776",627.15617493539139,254.40534259896100,-149.728,59.706
Land,"0",0.0,"777","0","0","777",628.09904347086092,254.09049876288287,-150.608,59.368
Land,"0",0.0,"778","0","0","778",629.22731003169508,302.75081539764182,-151.716,59.156
Land,"0",0.0,"779","0","0","779",629.83366305958509,5.49110189345991,-151.859,59.745
Land,"0",0.0,"780","0","0","780",630.91259726299859,49.23898578366460,-151.410,60.726
Land,"0",0.0,"781","0","0","781",632.01907630121809,13.14935560720811,-150.347,61.034
Land,"0",0.0,"782","0","0","782",632.39064931443443,279.41989904784236,-150.621,61.284
Land,"0",0.0,"783","0","0","783",633.78182499250261,236.05400231566475,-151.896,60.727
Land,"0",0.0,"784","0","0","784",634.73513893613278,234.71981055414736,-152.578,60.062
Land,"0",0.0,"785","0","0","785",636.34200528501879,183.64704045991036,-154.019,59.350
Land,"0",0.0,"786","0","0","786",637.22011879070760,178.16917008594390,-153.287,58.865
Land,"0",0.0,"787","0","0","787",638.40706911179996,240.74541683255885,-154.232,58.146
Land,"0",0.0,"788","0","0","788",639.56069804240599,250.88841716064033,-155.307,57.728
Land,"0",0.0,"789","0","0","789",640.60693323389819,231.14167208844171,-156.308,57.423
Land,"0",0.0,"790","0","0","790",641.11436494669852,230.46375763512657,-156.556,56.980
Land,"0",0.0,"791","0","0","791",642.75866094851358,232.82044322496813,-158.117,56.464
Land,"0",0.0,"792","0","0","792",643.32474245166043,231.93963067493027,-158.433,55.994
Land,"0",0.0,"793","0","0","793",644.57033610840097,263.16584068368570,-159.603,55.567
Land,"0",0.0,"794","0","0","794",645.26103901067620,264.87780745855554,-160.290,55.644
Land,"0",0.0,"795","0","0","795",646.23519395808103,252.40719989909820,-161.223,55.365
Land,"0",0.0,"796","0","0","796",647.30553344776808,249.77505189427671,-162.238,55.024
Land,"0",0.0,"797","0","0","797",648.20185724620001,254.32287773341304,-163.069,54.690
Land,"0",0.0,"798","0","0","798",649.94164289864955,288.78286756218517,-164.786,54.404
Land,"0",0.0,"799","0","0","799",650.17134410941719,11.94375204674708,-164.942,54.572
Land,"0",0.0,"800","0","0","800",651.36079669572428,69.68361904282250,-163.848,55.039
Land,"0",0.0,"801","0","0","801",652.38664494050090,67.66252708852386,-162.870,55.348
Land,"0",0.0,"802","0","0","802",653.58461267464770,73.81284135544510,-161.804,55.895
Land,"0",0.0,"803","0","0","803",654.83035229508380,67.52662200212974,-160.564,56.008
Land,"0",0.0,"804","0","0","804",655.47162335696999,58.45040142039572,-160.070,56.418
Land,"0",0.0,"805","0","0","805",656.98147690497399,57.37998821031266,-158.684,57.017
Land,"0",0.0,"806","0","0","806",657.28135377724027,56.27643721372840,-158.461,57.217
Land,"0",0.0,"807","0","0","807",658.09983221402854,38.62548130610016,-157.723,57.570
Land,"0",0.0,"808","0","0","808",658.87738359768264,26.77587732726014,-157.550,58.328
Land,"0",0.0,"809","0","0","809",659.65678095097178,328.00615976970983,-157.042,58.919
Land,"0",0.0,"810","0","0","810",660.84893861102887,276.67427596640198,-158.195,58.616
Land,"0",0.0,"811","0","0","811",661.21444584915082,267.09323076751565,-158.517,58.788
Land,"0",0.0,"812","0","0","812",661.86658799722545,271.97593851737520,-159.059,58.424
Land,"0",0.0,"813","0","0","813",662.69343912540000,262.37749162358551,-159.712,58.932
Land,"0",0.0,"814","0","0","814",663.14225520289972,270.01405346909900,-159.981,58.573
Land,"0",0.0,"815","0","0","815",663.76543639398005,285.64610425499507,-160.355,59.071
Land,"0",0.0,"816","0","0","816",664.84226312110900,259.12818515483451,-161.355,58.671
Land,"0",0.0,"817","0","0","817",665.45609420033884,310.91770710504045,-161.969,58.672
Land,"0",0.0,"818","0","0","818",666.05751583729682,9.00642740886462,-162.055,59.267
Land,"0",0.0,"819","0","0","819",666.46652150482146,342.59257703143118,-161.874,59.634
Land,"0",0.0,"820","0","0","820",667.20227929889563,280.27590788843679,-162.518,59.990
Land,"0",0.0,"821","0","0","821",668.51661117696528,280.35203712570257,-163.818,59.798
Land,"0",0.0,"822","0","0","822",669.48225940968894,294.20732506029589,-164.662,60.268
Land,"0",0.0,"823","0","0","823",670.20733220961336,324.44210660331987,-165.346,60.508
Land,"0",0.0,"824","0","0","824",670.77375550710747,329.25046150532154,-165.351,61.074
Land,"0",0.0,"825","0","0","825",671.65439396778584,346.44580661825307,-166.121,61.500
Land,"0",0.0,"826","0","0","826",672.34747143038851,44.77606662938251,-165.734,62.075
Land,"0",0.0,"827","0","0","827",673.33536872550508,45.19885707139336,-164.919,62.633
Land,"0",0.0,"828","0","0","828",673.96048690140253,59.81853097842630,-164.562,63.146
Land,"0",0.0,"829","0","0","829",674.77297689693057,93.98507788931954,-163.753,63.219
Land,"0",0.0,"830","0","0","830",675.47747628715979,81.12392997434667,-163.067,63.060
Land,"0",0.0,"831","0","0","831",676.41739093664319,77.93892314636152,-162.260,63.542
Land,"0",0.0,"832","0","0","832",677.14854038729095,82.29948815905364,-161.534,63.456
Land,"0",0.0,"833","0","0","833",677.97118511577401,22.85544361082036,-160.773,63.766
Land,"0",0.0,"834","0","0","834",678.46431062188594,312.84705900943555,-160.958,64.223
Land,"0",0.0,"835","0","0","835",679.05223317351431,355.15060778965852,-161.518,64.403
Land,"0",0.0,"836","0","0","836",679.88702741218060,345.70461582601376,-160.778,64.789
Land,"0",0.0,"837","0","0","837",680.50133022918203,263.66869261510629,-161.392,64.777
Land,"0",0.0,"838","0","0","838",681.58454322647185,246.23990377970705,-162.453,64.560
Land,"0",0.0,"839","0","0","839",681.96093748923226,259.84646175285502,-162.758,64.339
Land,"0",0.0,"840","0","0","840",682.77973206328409,275.54383217681089,-163.546,64.559
Land,"0",0.0,"841","0","0","841",684.19858810564699,272.38259721820316,-164.961,64.447
Land,"0",0.0,"842","0","0","842",685.68254030670562,296.53796425887805,-166.425,64.687
Land,"0",0.0,"843","0","0","843",686.26384201867688,304.22502267134911,-166.845,65.089
Land,"0",0.0,"844","0","0","844",687.65641664463726,4.04680599403892,-168.110,65.670
Land,"0",0.0,"845","0","0","845",689.12260062218843,75.53806695469576,-166.705,66.088
Land,"0",0.0,"846","0","0","846",691.40597552039537,83.82463539615792,-164.475,66.577
Land,"0",0.0,"847","0","0","847",692.22811907508287,142.61541250716746,-163.653,66.577
Land,"0",0.0,"848","0","0","848",692.74575144151595,142.08860653576951,-163.789,66.077
Land,"0",0.0,"849","0","0","849",694.85682614036716,18.14306863746084,-161.678,66.116
Land,"0",0.0,"850","0","0","850",695.87800305409382,297.27584712972816,-162.490,66.735
Land,"0",0.0,"851","0","0","851",697.16571244415582,296.15405884826890,-163.720,67.117
Land,"0",0.0,"852","0","0","852",698.03492774829044,299.53643305209170,-164.431,67.616
Land,"0",0.0,"853","0","0","853",699.08481083642448,288.46297668456441,-165.390,68.043
Land,"0",0.0,"854","0","0","854",700.49487691772981,344.91153459698717,-166.764,68.359
Land,"0",0.0,"855","0","0","855",701.26173652658156,67.91356520554238,-166.205,68.883
Land,"0",0.0,"856","0","0","856",703.03595834584814,79.55368327968176,-164.431,68.916
Land,"0",0.0,"857","0","0","857",704.37786271659900,48.10422113206176,-163.169,69.371
Land,"0",0.0,"858","0","0","858",704.91995057925908,45.55400229735988,-162.930,69.858
Land,"0",0.0,"859","0","0","859",706.04667748388943,74.17813476229196,-161.909,70.333
Land,"0",0.0,"860","0","0","860",707.02743013126803,80.05971438584710,-160.935,70.448
Land,"0",0.0,"861","0","0","861",708.97437028699028,85.49267568319959,-159.039,70.892
Land,"0",0.0,"862","0","0","862",709.89630390578964,82.52900053805736,-158.120,70.825
Land,"0",0.0,"863","0","0","863",711.52493994966892,84.39611657008707,-156.581,71.358
Land,"0",0.0,"864","0","0","864",713.05244762773066,109.92976081014658,-155.068,71.148
Land,"0",0.0,"865","0","0","865",713.90533734304518,94.20230558416070,-154.344,70.696
Land,"0",0.0,"866","0","0","866",714.38985159408810,79.24056802326464,-153.900,70.890
Land,"0",0.0,"867","0","0","867",716.08091870067983,143.32736152791426,-152.210,70.830
Land,"0",0.0,"868","0","0","868",716.31859647213446,145.48046607603149,-152.270,70.600
Land,"0",0.0,"869","0","0","869",717.85803917618045,90.37078233944644,-150.740,70.430
Land,"0",0.0,"870","0","0","870",718.88294647048326,91.46612087166800,-149.720,70.530
Land,"0",0.0,"871","0","0","871",721.01320072357566,95.66401962169839,-147.613,70.214
Land,"0",0.0,"872","0","0","872",722.93877499481471,96.19049121512448,-145.690,70.120
Land,"0",0.0,"873","0","0","873",723.71969198660156,91.31186122525963,-144.920,69.990
Land,"0",0.0,"874","0","0","874",725.06013424486821,92.12473879406097,-143.589,70.153
Land,"0",0.0,"875","0","0","875",726.60653823384996,99.27084438830728,-142.073,69.852
Land,"0",0.0,"876","0","0","876",727.70210737046580,97.34667157038589,-140.986,69.712
Land,"0",0.0,"877","0","0","877",729.58302400169509,102.17637984763698,-139.120,69.471
Land,"0",0.0,"878","0","0","878",731.22897622980258,101.01820283748629,-137.546,68.990
Land,"0",0.0,"879","0","0","879",732.27581597350638,79.81722340545308,-136.504,68.898
Land,"0",0.0,"880","0","0","880",733.24776963841100,70.06342497190664,-135.626,69.315
Land,"0",0.0,"881","0","0","881",734.49846754510213,85.11958535921364,-134.415,69.628
Land,"0",0.0,"882","0","0","882",735.98889753798790,84.18045080021152,-132.929,69.505
Land,"0",0.0,"883","0","0","883",737.54988544711910,77.50012956791552,-131.431,69.945
Land,"0",0.0,"884","0","0","884",739.20534689125566,101.22203138900710,-129.795,70.194
Land,"0",0.0,"885","0","0","885",740.00762639251388,96.86040710953912,-129.108,69.779
Land,"0",0.0,"886","0","0","886",740.78954607361948,48.99331822140336,-128.362,70.013
Land,"0",0.0,"887","0","0","887",741.31081764653243,62.06690424810704,-128.138,70.484
Land,"0",0.0,"888","0","0","888",742.01008676630386,108.35117138086422,-127.447,70.377
Land,"0",0.0,"889","0","0","889",743.92390334266338,90.47894247542868,-125.756,69.481
Land,"0",0.0,"890","0","0","890",745.41797521426645,116.45956868549808,-124.425,70.159
Land,"0",0.0,"891","0","0","891",746.18871379106429,126.14694095776046,-124.290,69.400
Land,"0",0.0,"892","0","0","892",747.42812781443979,67.35283473255286,-123.061,69.564
Land,"0",0.0,"893","0","0","893",747.90541065791342,72.51657672618224,-122.683,69.856
Land,"0",0.0,"894","0","0","894",749.11790101304462,99.03910916857814,-121.472,69.798
Land,"0",0.0,"895","0","0","895",750.70399516393172,102.12930113092554,-119.943,69.378
Land,"0",0.0,"896","0","0","896",753.07275142385788,97.96888243548160,-117.603,69.011
Land,"0",0.0,"897","0","0","897",754.45940761678469,91.63622407129517,-116.226,68.841
Land,"0",0.0,"898","0","0","898",755.44101409934672,98.41757359386354,-115.247,68.906
Land,"0",0.0,"899","0","0","899",756.88212644296220,180.58441163315263,-113.898,68.399
Land,"0",0.0,"900","0","0","900",758.37399035389217,173.66858372744241,-115.305,67.903
Land,"0",0.0,"901","0","0","901",760.19427998296032,92.13294512216861,-113.497,67.688
Land,"0",0.0,"902","0","0","902",762.89612892255445,82.94616409274521,-110.798,67.806
Land,"0",0.0,"903","0","0","903",763.76572381714652,98.87383254608072,-109.946,67.981
Land,"0",0.0,"904","0","0","904",764.98868715589140,92.20537907539315,-108.880,67.382
Land,"0",0.0,"905","0","0","905",766.18837780417005,358.81210981539954,-107.792,67.888
Land,"0",0.0,"906","0","0","906",767.29359344260797,357.32515543323552,-108.813,68.312
Land,"0",0.0,"907","0","0","907",768.02447767755291,74.95465106416314,-108.167,68.654
Land,"0",0.0,"908","0","0","908",769.24251508062605,85.35062686703453,-106.950,68.700
Land,"0",0.0,"909","0","0","909",770.04873328586507,94.67674754123539,-106.150,68.800
Land,"0",0.0,"910","0","0","910",770.89057304413916,112.43649175368192,-105.343,68.561
Land,"0",0.0,"911","0","0","911",772.03285295946523,102.15308261351328,-104.338,68.018
Land,"0",0.0,"912","0","0","912",773.15251965769744,95.11695035988156,-103.221,68.098
Land,"0",0.0,"913","0","0","913",774.97595568158545,94.23901185952057,-101.454,67.647
Land,"0",0.0,"914","0","0","914",776.53636560939003,87.55146123124052,-99.902,67.806
Land,"0",0.0,"915","0","0","915",777.99536507585708,40.21821895900654,-98.443,67.782
Land,"0",0.0,"916","0","0","916",778.62823197416299,34.18641358703635,-98.559,68.404
Land,"0",0.0,"917","0","0","917",779.53434046168763,90.61334504626640,-97.669,68.579
Land,"0",0.0,"918","0","0","918",781.12064589870499,141.35223186540799,-96.120,68.240
Land,"0",0.0,"919","0","0","919",782.06664831159185,109.48001388677848,-96.126,67.294
Land,"0",0.0,"920","0","0","920",783.08670638352123,65.25464913192178,-95.489,68.091
Land,"0",0.0,"921","0","0","921",783.89153485294014,58.06483186032264,-94.685,68.064
Land,"0",0.0,"922","0","0","922",784.99375819643501,342.07335675369762,-94.233,69.069
Land,"0",0.0,"923","0","0","923",786.22984189299359,294.51207684695618,-95.304,69.686
Land,"0",0.0,"924","0","0","924",787.46507382200082,326.62526977288695,-96.471,70.090
Land,"0",0.0,"925","0","0","925",788.57296095869265,31.30690377263639,-96.391,71.195
Land,"0",0.0,"926","0","0","926",789.96016557436838,77.69827670169650,-95.209,71.920
Land,"0",0.0,"927","0","0","927",791.28879209133220,105.25059392123777,-93.890,71.760
Land,"0",0.0,"928","0","0","928",792.39264168811440,121.62828399853544,-92.878,71.319
Land,"0",0.0,"929","0","0","929",794.15806007894253,185.36060597224707,-91.520,70.191
Land,"0",0.0,"930","0","0","930",795.17227954217492,168.62128039679286,-92.407,69.700
Land,"0",0.0,"931","0","0","931",797.04306203895396,138.22849307382626,-90.547,69.498
